{
    "title": "This is the title of the interactive",
    "startaudio": "PhysicalScienceBL_Grade_4_6",
    "options": [
        { "answer": "A piece of paper", "correct": false, "audio": "A_piece_of_paper", "selected": false, "audioFound": false, "audioRequested": false, "audioFile": ""},
        { "answer": "A coca cola can", "correct": true, "audio": "", "selected": false, "audioFound": false, "audioRequested": false, "audioFile": ""},
        { "answer": "A ball", "correct": true, "audio": "a_ball", "selected": false, "audioFound" : false, "audioRequested": false, "audioFile": ""},
        { "answer": "A tissue box", "correct": false, "audio": "A_tissue_box", "selected": false, "audioFound" : false, "audioRequested": false, "audioFile": ""}
    ]
}