{
	"c2JSONObject": 1,
	"data": {
		"title": "MYANMAR VIDEO INTERVIEW",
		"startscreen": "",
		"subject": "fintech",
		"video": "fin_tech1_sect1_18_1.mp4",
		"videoType": "single",
		"headingAudio": "digital_literacy_heading_edited",
		"startAudio": "eco_g10_econ_prob_05_intro_edited",
		"closingVideo": "fintech_complete_screen_magenta.mp4",
		"loadingVideo": "fintech_loading_screen_purple.mp4",
		"closingRGBT": "165,3,104,55",
		"loadingRGBT": "168,127,254,25",
		"instructionAudio": "eco_g10_econ_prob_05_intro_edited",
		"questions": [
			{
				"question": "What does the interviewee regard as financial literacy?",
				"time": "00:34",
				"audio": "",
				"position": "bottom-right",
				"options": [
					{
						"option": "Something you only need to be aware of on a daily basis",
						"correct": "1"
					},
					{
						"option": "Something you only need to know about when going to the bank",
						"correct": "0"
					},
					{
						"option": "Costs related to reading books",
						"correct": "0"
					},
					{
						"option": "Something that is only important if you have a lot of money",
						"correct": "0"
					}
				],
				"isNext": 0,
				"button": "next",
				"videoName": ""
			},
			{
				"question": "The interviewee highlights a range of things that are important related to digital identity. Which of the statements related to identify theft was not mentioned?",
				"time": "01:24",
				"audio": "",
				"position": "bottom-right",
				"options": [
					{
						"option": "Setting passwords.",
						"correct": "0"
					},
					{
						"option": "Providing personal information such as date of birth.",
						"correct": "1"
					},
					{
						"option": "Email scams.",
						"correct": "0"
					}
				],
				"isNext": 0,
				"button": "next",
				"videoName": ""
			},
			{
				"question": "The interviewee highlights the need to protect passwords and PIN. The list identifies things that will put your digital finances at risk. Which item would not put you at risk?",
				"time": "01:58",
				"audio": "",
				"position": "bottom-right",
				"options": [
					{
						"option": "Talk about your password in public.",
						"correct": "1"
					},
					{
						"option": "Let someoune see your PIN code when you are using an ATM machine.",
						"correct": "0"
					},
					{
						"option": "Leave your money wallet or bank account on your mobile app or on your computer.",
						"correct": "0"
					},
					{
						"option": "Carrying out a purchase online using a secure webpage.",
						"correct": "1"
					}
				],
				"isNext": 0,
				"button": "next",
				"videoName": ""
			}
		]
	}
}