{
    "ideaBatchVersion": "12.3.6",
    "data": {
        "theme": "Science",
        "assessment": 1,
        "duration": 60,
        "headingAudio": "african_heroes_39_heading",
        "instructionAudio": "african_heroes_39_instruction",
        "questions": [
            {
                "question": "Consider the function $y \u003d 3x + 4$. If  $x$ \u003d 8, use a flow diagram to calculate the value of $y$.",
                "questionAudio": "bus_g11_challenges_04_1",
                "options": [
                    {
                        "correct": false,
                        "option": "$y$ \u003d 24",
                        "audio": ""
                    },
                    {
                        "correct": false,
                        "option": "$y$ \u003d 20",
                        "audio": ""
                    },
                    {
                        "correct": true,
                        "option": "$y$ \u003d 28",
                        "audio": ""
                    },
                    {
                        "correct": false,
                        "option": "$y$ \u003d 35",
                        "audio": ""
                    }
                ]
            },
            {
                "question": "A rule is given as  $t$ \u003d $\\frac{3}{2} \\times k$. Find the value of $t$ when $k \u003d \\text{-}8$.",
                "questionAudio": "bus_g11_challenges_04_2",
                "options": [
                    {
                        "correct": false,
                        "option": "$t$ \u003d 12",
                        "audio": ""
                    },
                    {
                        "correct": false,
                        "option": "$t \u003d \\frac{3}{\\text{-}16}$",
                        "audio": ""
                    },
                    {
                        "correct": false,
                        "option": "$t \u003d\\text{-}24$",
                        "audio": ""
                    },
                    {
                        "correct": true,
                        "option": "$t \u003d\\text{-}12$",
                        "audio": ""
                    }
                ],
                "questionImage": "q1.png"
            },
            {
                "question": "Consider the function $t \u003d \\frac{3}{2} \\times k+18$. What is the value of $t$ when $k \u003d -12$?",
                "options": [
                    {
                        "correct": false,
                        "option": "$t \u003d \\text{-}18 \\frac{1}{8}$",
                        "audio": ""
                    },
                    {
                        "correct": false,
                        "option": "$t \u003d \\text{-}18$",
                        "audio": ""
                    },
                    {
                        "correct": true,
                        "option": "$t \u003d 0$",
                        "audio": ""
                    },
                    {
                        "correct": false,
                        "option": "$t \u003d 6$",
                        "audio": ""
                    }
                ]
            },
            {
                "question": "Consider the function $y \u003d 4x -6$. When $y \u003d 10$, what is the value of $x$?",
                "options": [
                    {
                        "correct": false,
                        "option": "$x \u003d 1$",
                        "audio": ""
                    },
                    {
                        "correct": true,
                        "option": "$x \u003d 4$",
                        "audio": ""
                    },
                    {
                        "correct": false,
                        "option": "$x \u003d 16$",
                        "audio": ""
                    },
                    {
                        "correct": false,
                        "option": "$x \u003d 34$",
                        "audio": ""
                    }
                ]
            },
            {
                "question": "The formula for converting temperature in Celsius ($^\\circ$C) to temperature in Fahrenheit ($^\\circ$F) is given by: $^\\circ$F \u003d $\\frac{9}{5}$ $\\times$ ($^\\circ$C) + 32. Convert 30$^\\circ$C to $^\\circ$F.",
                "options": [
                    {
                        "correct": false,
                        "option": "62$^\\circ$F",
                        "audio": ""
                    },
                    {
                        "correct": false,
                        "option": "48$^\\circ$F",
                        "audio": ""
                    },
                    {
                        "correct": true,
                        "option": "86$^\\circ$F",
                        "audio": ""
                    },
                    {
                        "correct": false,
                        "option": "77$^\\circ$F",
                        "audio": ""
                    }
                ]
            },
            {
                "question": "The formula for converting temperature in Celsius ($^\\circ$C) to temperature in Fahrenheit ($^\\circ$F) is given by: $^\\circ$F \u003d $\\frac{9}{5}$ $\\times$ ($^\\circ$C) + 32. Convert 68$^\\circ$F to $^\\circ$C.",
                "options": [
                    {
                        "correct": false,
                        "option": "64.8$^\\circ$C",
                        "audio": ""
                    },
                    {
                        "correct": false,
                        "option": "154.4$^\\circ$C",
                        "audio": ""
                    },
                    {
                        "correct": false,
                        "option": "36$^\\circ$C",
                        "audio": ""
                    },
                    {
                        "correct": true,
                        "option": "20$^\\circ$C",
                        "audio": ""
                    }
                ]
            },
            {
                "question": "What is the domain for the equation $y \u003d \\frac{1}{(x-3)}$?",
                "options": [
                    {
                        "correct": false,
                        "option": "$x \\mathrlap{\\,/}{\u003d} 0$",
                        "audio": ""
                    },
                    {
                        "correct": false,
                        "option": "$x \\mathrlap{\\,/}{\u003d} 3$",
                        "audio": ""
                    },
                    {
                        "correct": true,
                        "option": "$x \u003e 0$",
                        "audio": ""
                    },
                    {
                        "correct": false,
                        "option": "$x \\mathrlap{\\,/}{\u003d} -3$",
                        "audio": ""
                    }
                ]
            },
            {
                "question": "The area of a rectangle is given by the formula $A \u003d l \\times b$. What is the domain of this function?",
                "options": [
                    {
                        "correct": false,
                        "option": "$l$ and  $b$ can be any real numbers",
                        "audio": ""
                    },
                    {
                        "correct": true,
                        "option": "$l \u003e 0;  b \u003e 0$",
                        "audio": ""
                    },
                    {
                        "correct": false,
                        "option": "$l \\geq 0 ; b \\geq 0$",
                        "audio": ""
                    },
                    {
                        "correct": false,
                        "option": "$A \u003e 0$",
                        "audio": ""
                    }
                ]
            },
            {
                "question": "The area of a rectangle is given by the formula $A \u003d l \\times b$. If a rectangle has an area of 180 cm$^2$, what could be its length and breadth?",
                "options": [
                    {
                        "correct": false,
                        "option": "1.8cm and 10cm",
                        "audio": ""
                    },
                    {
                        "correct": false,
                        "option": "90cm and 20cm",
                        "audio": ""
                    },
                    {
                        "correct": false,
                        "option": "6cm and 13cm",
                        "audio": ""
                    },
                    {
                        "correct": true,
                        "option": "15cm and 12cm",
                        "audio": ""
                    }
                ]
            },
            {
                "question": "Given the rule  $y \u003d -2n^3$, calculate the output value when the input value is $n$ \u003d 2.",
                "options": [
                    {
                        "correct": false,
                        "option": "$y \u003d \\text{-}8$",
                        "audio": ""
                    },
                    {
                        "correct": true,
                        "option": "$y \u003d \\text{-}$16",
                        "audio": ""
                    },
                    {
                        "correct": false,
                        "option": "$y \u003d \\text{-}$12",
                        "audio": ""
                    },
                    {
                        "correct": false,
                        "option": "$y \u003d \\text{-}$64",
                        "audio": ""
                    }
                ]
            },
            {
                "question": "Given the rule $t \u003d 2 \\times k^2$, calculate the output value when the input value is $k$ \u003d 3.",
                "options": [
                    {
                        "correct": false,
                        "option": "$t$ \u003d 12",
                        "audio": ""
                    },
                    {
                        "correct": false,
                        "option": "$t$ \u003d 9",
                        "audio": ""
                    },
                    {
                        "correct": false,
                        "option": "$t$ \u003d 16",
                        "audio": ""
                    },
                    {
                        "correct": true,
                        "option": "$t$ \u003d 18",
                        "audio": ""
                    }
                ]
            },
            {
                "question": "Consider the function $y \u003d x^2 + 2x + 2$. Calculate the value of $y$ when $x$ \u003d 4.",
                "options": [
                    {
                        "correct": false,
                        "option": "$y$ \u003d 20",
                        "audio": ""
                    },
                    {
                        "correct": true,
                        "option": "$y$ \u003d 26",
                        "audio": ""
                    },
                    {
                        "correct": false,
                        "option": "$y$ \u003d 22",
                        "audio": ""
                    },
                    {
                        "correct": false,
                        "option": "$y$ \u003d 14",
                        "audio": ""
                    }
                ]
            },
            {
                "question": "Choose the formula that represents the area of a triangle.",
                "options": [
                    {
                        "correct": false,
                        "option": "$A \u003d \\frac{t^2}{2}$",
                        "audio": ""
                    },
                    {
                        "correct": false,
                        "option": "$A \u003d l \\times h^2$",
                        "audio": ""
                    },
                    {
                        "correct": true,
                        "option": "$A \u003d \\frac{1}{2} \\times b \\times h$",
                        "audio": ""
                    },
                    {
                        "correct": false,
                        "option": "$A \u003d 3 \\times s$",
                        "audio": ""
                    }
                ]
            },
            {
                "question": "An input value of -2 gives an output value of 15. What rule will give this result?",
                "options": [
                    {
                        "correct": false,
                        "option": "$y \u003d 5x^2 + 5$",
                        "audio": ""
                    },
                    {
                        "correct": false,
                        "option": "$y \u003d x^2 + 19$",
                        "audio": ""
                    },
                    {
                        "correct": false,
                        "option": "$y \u003d 4x^2 - 7$",
                        "audio": ""
                    },
                    {
                        "correct": false,
                        "option": "$y \u003d 3x^2 + 3$",
                        "audio": ""
                    }
                ]
            },
            {
                "question": "An input value of 1 $\\frac{1}{2}$ gives an output value of 25. What rule will give this result?",
                "options": [
                    {
                        "correct": false,
                        "option": "$y \u003d 4x^2 + 3x + \\frac{1}{2}$",
                        "audio": ""
                    },
                    {
                        "correct": false,
                        "option": "$y \u003d 4x^3 + 4x^2 - 5x$",
                        "audio": ""
                    },
                    {
                        "correct": false,
                        "option": "$y \u003d 9x^2 - 3x + 5 \\frac{1}{4}$",
                        "audio": ""
                    },
                    {
                        "correct": true,
                        "option": "$y \u003d 8x^3 - 4x + 4$",
                        "audio": ""
                    }
                ]
            }
        ]
    },
    "creationDateTime": "Dec 14, 2023, 7:05:19 AM",
    "pluginName": "Maths font MCQ"
}
